"Rank","Name","Symbol","marketcap","price (USD)","country"
"1","Apple","AAPL","2430531272704","150.17","United States"
"2","Microsoft","MSFT","1920016580608","256.72","United States"
"3","Alphabet (Google)","GOOG","1477649235968","2255.34","United States"
"4","Amazon","AMZN","1155303211008","113.55","United States"
"5","Tesla","TSLA","746408116224","720.2","United States"
"6","Meta Platforms (Facebook)","META","445730881536","164.7","United States"
"7","TSMC","TSM","444077146112","85.63","Taiwan"
"8","Tencent","TCEHY","408275288064","41.41","China"
"9","NVIDIA","NVDA","392789032960","157.62","United States"
"10","Samsung","005930.KS","305965897970","45.53","South Korea"
"11","Alibaba","BABA","292566597632","102.44","China"
"12","Broadcom","AVGO","199671840768","494.46","United States"
"13","ASML","ASML","191489589248","475.63","Netherlands"
"14","Oracle","ORCL","188517138432","70.74","United States"
"15","Cisco","CSCO","178351144960","43.07","United States"
"16","Adobe","ADBE","177774477312","379.86","United States"
"17","Salesforce","CRM","166543097856","167.38","United States"
"18","QUALCOMM","QCOM","161694400512","144.37","United States"
"19","Intel","INTC","157917167616","38.62","United States"
"20","Texas Instruments","TXN","148039385088","160.54","United States"
"21","Meituan","3690.HK","141179862282","22.83","China"
"22","AMD","AMD","131439566848","81.11","United States"
"23","IBM","IBM","125413089280","139.92","United States"
"24","Intuit","INTU","110844968960","392.96","United States"
"25","SAP","SAP","104110153728","88","Germany"
"26","Sony","SONY","101959647232","82.15","Japan"
"27","Jingdong Mall","JD","95848947712","60.26","China"
"28","Keyence","6861.T","90349939696","372.54","Japan"
"29","Automatic Data Processing","ADP","89452167168","214.13","United States"
"30","ServiceNow","NOW","87324385280","435.62","United States"
"31","PayPal","PYPL","85590745088","73.91","United States"
"32","Netflix","NFLX","84016652288","189.11","United States"
"33","Applied Materials","AMAT","82183897088","94.47","United States"
"34","Analog Devices","ADI","82113757184","157.97","United States"
"35","Pinduoduo","PDD","69174779904","54.71","China"
"36","Booking.com","BKNG","69002330112","1698.59","United States"
"37","Micron Technology","MU","67876814848","61.53","United States"
"38","Schneider Electric","SU.PA","66295398317","118.59","France"
"39","Fiserv","FISV","60864458752","94.16","United States"
"40","Activision Blizzard","ATVI","60509773824","77.39","United States"
"41","Airbnb","ABNB","60247588864","94.66","United States"
"42","Lam Research","LRCX","59249340416","427.13","United States"
"43","Fidelity National Information Services","FIS","57888616448","95.22","United States"
"44","NetEase","NTES","57810518016","86.43","China"
"45","Equinix","EQIX","56410759168","619.75","United States"
"46","Nintendo","7974.T","52124864717","447.72","Japan"
"47","SK Hynix","000660.KS","51503768869","74.9","South Korea"
"48","Palo Alto Networks","PANW","51055812608","508.96","United States"
"49","Baidu","BIDU","50108788736","140.09","China"
"50","Dassault Systèmes","DSY.PA","49959167768","38.32","France"
"51","Foxconn (Hon Hai Precision Industry)","2317.TW","48644967769","3.51","Taiwan"
"52","Tokyo Electron","8035.T","48415959394","310.86","Japan"
"53","Fortinet","FTNT","48334741504","60.22","United States"
"54","Synopsys","SNPS","48078471168","314.3","United States"
"55","Atlassian","TEAM","47881162752","188.89","Australia"
"56","Adyen","ADYEN.AS","47167041130","1522.85","Netherlands"
"57","Snowflake","SNOW","47062892544","147.95","United States"
"58","Vmware","VMW","46620246016","110.62","United States"
"59","KLA","KLAC","46548455424","326.23","United States"
"60","Cadence Design Systems","CDNS","43294162944","157","United States"
"61","NXP Semiconductors","NXPI","43055407104","163.98","Netherlands"
"62","Kuaishou Technology","1024.HK","42651585697","9.94","China"
"63","Uber","UBER","42552512512","21.67","United States"
"64","Roper Technologies","ROP","41851523072","395.15","United States"
"65","IQVIA","IQV","41467244544","219.08","United States"
"66","CrowdStrike","CRWD","41285607424","177.9","United States"
"67","Marvell Technology Group","MRVL","40982179840","48.22","United States"
"68","Xiaomi","XIACF","40878080000","1.6","China"
"69","Shopify","SHOP","39444606976","31.27","Canada"
"70","Sea (Garena)","SE","38844182528","69.15","Singapore"
"71","Block","SQ","38301655040","65.98","United States"
"72","Autodesk","ADSK","38285500416","176.21","United States"
"73","TE Connectivity","TEL","38263914496","115.66","Switzerland"
"74","Workday","WDAY","35740340224","140.71","United States"
"75","MercadoLibre","MELI","34760314880","689.99","Argentina"
"76","Microchip Technology","MCHP","34589773824","62.38","United States"
"77","MediaTek","2454.TW","34462467012","21.66","Taiwan"
"78","Electronic Arts","EA","34399326208","123.16","United States"
"79","Murata Manufacturing (Murata Seisakusho)","6981.T","34342304425","54.13","Japan"
"80","HP","HPQ","32740874240","31.66","United States"
"81","Global Payments","GPN","32320792576","114.8","United States"
"82","Dell","DELL","32139452416","43.46","United States"
"83","Veeva Systems","VEEV","31446331392","203.08","United States"
"84","Arista Networks","ANET","31243190272","101.67","United States"
"85","Constellation Software","CSU.TO","31205393612","1472.54","Canada"
"86","Infineon","IFX.DE","30495195174","23.42","Germany"
"87","Zoom","ZM","29793040384","99.85","United States"
"88","STMicroelectronics","STM","29653348352","32.71","Switzerland"
"89","Datadog","DDOG","29485590528","93.6","United States"
"90","Twitter","TWTR","28840192000","37.74","United States"
"91","Cerner","CERN","27915780096","94.92","United States"
"92","Coupang","CPNG","27846393856","15.8","South Korea"
"93","Enphase Energy","ENPH","26318307328","194.91","United States"
"94","Naver","035420.KS","26284031626","175.29","South Korea"
"95","Ericsson","ERIC","26138144768","7.07","Sweden"
"96","Nokia","NOK","25922582528","4.61","Finland"
"97","Keysight","KEYS","25838444544","143.59","United States"
"98","Wolters Kluwer","WOSB.F","25600506164","97.93","Netherlands"
"99","GoTo","GOTO.JK","25055818273","0.02","Indonesia"
"100","JD Health","6618.HK","24860986591","7.82","China"
"101","Amadeus IT Group","AMS.MC","24815940151","55.16","Spain"
"102","GlobalFoundries","GFS","24812214272","45.97","United States"
"103","DoorDash","DASH","24622622720","70.1","United States"
"104","eBay","EBAY","24414709760","43.61","United States"
"105","ON Semiconductor","ON","24362749952","56.07","United States"
"106","SMIC","MKN2.F","24124483454","2.02","China"
"107","CoStar Group","CSGP","23737839616","59.91","United States"
"108","Canon","CAJ","23524122624","22.62","Japan"
"109","Kakao","035720.KS","23155409849","53.2","South Korea"
"110","Snap","SNAP","22397327360","13.65","United States"
"111","Delta Electronics","2308.TW","21269965074","8.19","Taiwan"
"112","Zscaler","ZS","21182986240","149.32","United States"
"113","The Trade Desk","TTD","20960651264","43.1","United States"
"114","Ansys","ANSS","20946343936","240.79","United States"
"115","Align Technology","ALGN","20085946368","254.88","United States"
"116","Take 2 Interactive","TTWO","20061470720","123.85","United States"
"117","Spotify","SPOT","19714797568","102.33","Sweden"
"118","M3, Inc","2413.T","19416431498","28.6","Japan"
"119","Monolithic Power Systems","MPWR","19135291392","410.25","United States"
"120","MongoDB","MDB","18899869696","277.47","United States"
"121","Panasonic","6752.T","18779802263","8.05","Japan"
"122","Palantir","PLTR","18501173248","9.04","United States"
"123","Paycom","PAYC","18186463232","301.83","United States"
"124","Chewy","CHWY","17938888704","42.65","United States"
"125","Nexon","3659.T","17781537889","20.55","Japan"
"126","Hewlett Packard Enterprise","HPE","17242109952","13.27","United States"
"127","Renesas Electronics","6723.T","17127116956","8.78","Japan"
"128","United Microelectronics","UMC","16725878784","6.7","Taiwan"
"129","Seagate Technology","STX","16667597824","77.58","Ireland"
"130","Trip.com","TCOM","16570047488","25.36","China"
"131","Skyworks Solutions","SWKS","16263181312","101.06","United States"
"132","Twilio","TWLO","16078005248","84.43","United States"
"133","Bandai Namco","7832.T","15887862837","72.23","Japan"
"134","Check Point Software","CHKP","15722149888","122.72","Israel"
"135","Zebra Technologies","ZBRA","15634408448","297.72","United States"
"136","Splunk","SPLK","15353077760","95.42","United States"
"137","Cloudflare","NET","15202642944","46.6","United States"
"138","FactSet","FDS","15191080960","399.98","United States"
"139","SS&C Technologies","SSNC","15127104512","59.23","United States"
"140","Okta","OKTA","14834381824","94.02","United States"
"141","Trimble","TRMB","14678332416","58.68","United States"
"142","ZoomInfo","ZI","14614928384","36.23","United States"
"143","NetApp","NTAP","14587480064","65.95","United States"
"144","Expedia Group","EXPE","14508000256","92.35","United States"
"145","Entegris","ENTG","14328520704","96.31","United States"
"146","DiDi","DIDIY","14270877696","2.94","China"
"147","Akamai","AKAM","14172564480","88.41","United States"
"148","Coinbase","COIN","14087601152","53.79","United States"
"149","Tyler Technologies","TYL","14064561152","339.12","United States"
"150","Jack Henry &amp; Associates","JKHY","13842284544","189.98","United States"
"151","NortonLifeLock","NLOK","13643105280","23.52","United States"
"152","Leidos","LDOS","13487172608","98.69","United States"
"153","HubSpot","HUBS","13074879488","273.71","United States"
"154","Citrix Systems","CTXS","12978247680","102.53","United States"
"155","DocuSign","DOCU","12682447872","63.43","United States"
"156","NICE","NICE","12583704576","198.07","Israel"
"157","AppLovin","APP","12331860992","32.62","United States"
"158","LG Electronics","LGLG.F","11972466894","16.44","South Korea"
"159","PTC","PTC","11959625728","102.24","United States"
"160","GoDaddy","GDDY","11475821568","70.81","United States"
"161","ASE Group","ASX","11461571584","5.35","Taiwan"
"162","ASM International","ASM.AS","11277906071","232.27","Netherlands"
"163","Lufax","LU","11223326720","4.91","China"
"164","Roku","ROKU","11195986944","85.77","United States"
"165","Lasertec","6920.T","11169982528","123.87","Japan"
"166","Lumen","LUMN","11126055936","10.77","United States"
"167","FICO","FICO","11106675712","428.3","United States"
"168","AspenTech","AZPN","10949150720","176.12","United States"
"169","Lenovo","0992.HK","10876156837","0.9","Hong Kong"
"170","Etsy","ETSY","10487317504","82.5","United States"
"171","NEC Corp","6701.T","10450524487","38.35","Japan"
"172","AMEC","688012.SS","10425025350","16.92","China"
"173","Dynatrace","DT","10421792768","36.28","United States"
"174","Qorvo","QRVO","10391370752","100.18","United States"
"175","UiPath","PATH","10230068224","18.78","United States"
"176","OpenText","OTEX","10202313728","38.11","Canada"
"177","Unity Software","U","9978597376","33.71","United States"
"178","Yandex","YNDX.ME","9924402241","30.7","Netherlands"
"179","Bentley Systems","BSY","9848040448","34.25","United States"
"180","WiseTech Global","WTC.AX","9785058187","29.98","Australia"
"181","Yonyou","600588.SS","9768220095","2.84","China"
"182","Anaplan","PLAN","9593149440","63.73","United States"
"183","Grab Holdings","GRAB","9560604672","2.49","Singapore"
"184","Wolfspeed","WOLF","9317133312","75.36","United States"
"185","Juniper Networks","JNPR","9214669824","28.52","United States"
"186","Zendesk","ZEN","9163105280","74.33","United States"
"187","Clarivate","CLVT","9025620992","13.42","United Kingdom"
"188","F5 Networks","FFIV","8969811968","148.33","United States"
"189","Delivery Hero","DHER.F","8841009196","36.32","Germany"
"190","Xero","XRO.AX","8815092659","58.66","New Zealand"
"191","Advantech","2395.TW","8789777249","11.28","Taiwan"
"192","Logitech","LOGI","8771069952","53.26","Switzerland"
"193","Bilibili","BILI","8761095168","22.88","China"
"194","Zillow","ZG","8514902016","34.57","United States"
"195","Krafton","259960.KS","8382240497","178.71","South Korea"
"196","Nykaa","NYKAA.NS","8378703440","17.67","India"
"197","GitLab","GTLB","8321418240","56.34","United States"
"198","Doximity","DOCS","8249416192","43.12","United States"
"199","Embracer Group","EMBRAC-B.ST","8233762693","7.25","Sweden"
"200","Genpact","G","8168773120","44.12","Bermuda"
"201","Dropbox","DBX","8165630976","21.74","United States"
"202","AVEVA","AVV.L","8139049043","2698.37","United Kingdom"
"203","Sage Group","SGE.L","8089909243","794.09","United Kingdom"
"204","Monotaro","3064.T","8082916631","16.01","Japan"
"205","Disco Corp.","6146.T","7898208252","218.84","Japan"
"206","Entain","ENT.L","7821502479","1328.42","Isle of Man"
"207","Adevinta","ADE.OL","7732703087","6.05","Norway"
"208","Unimicron","3037.TW","7716517373","5.23","Taiwan"
"209","ASUS","2357.TW","7695708817","10.36","Taiwan"
"210","Pure Storage","PSTG","7672890880","25.92","United States"
"211","Ceridian","CDAY","7594088448","49.75","United States"
"212","Oracle Corp Japan","4716.T","7537761656","58.86","Japan"
"213","dLocal","DLO","7470108672","25.32","Uruguay"
"214","Ocado","OCDO.L","7432320995","901.12","United Kingdom"
"215","Avalara","AVLR","7426780160","84.53","United States"
"216","Qualtrics","XM","7372234240","12.66","United States"
"217","Trend Micro","4704.T","7316658113","52.36","Japan"
"218","Silergy","6415.TW","7291853074","19.18","China"
"219","Telus International","TIXT","7272745472","27.11","Canada"
"220","Lattice Semiconductor","LSCC","7249348096","52.68","United States"
"221","Samsara","IOT","7225575936","14.19","United States"
"222","Globant","GLOB","7198840832","172.32","Luxembourg"
"223","Rakuten","4755.T","7188281748","4.54","Japan"
"224","Toast","TOST","7161201152","13.99","United States"
"225","Konami Holdings","9766.T","7120099332","53.3","Japan"
"226","SentinelOne","S","7038163968","23.84","United States"
"227","Robinhood","HOOD","7028026880","8.41","United States"
"228","Kakao Pay","377300.KS","6848019304","50.24","South Korea"
"229","Elastic NV","ESTC","6835438592","72.06","United States"
"230","Avast","AV2.F","6826168595","6.36","Czech Republic"
"231","Zalando","ZAL.DE","6733669775","25.93","Germany"
"232","Futu Holdings","FUTU","6711654912","45.66","Hong Kong"
"233","Confluent","CFLT","6685775360","24.02","United States"
"234","Rohm","6963.T","6662814649","67.89","Japan"
"235","Teladoc Health","TDOC","6540806656","40.58","United States"
"236","Nemetschek","NEM.F","6489811504","56.19","Germany"
"237","Five9","FIVN","6421539328","92.32","United States"
"238","CDK Global","CDK","6390491648","54.76","United States"
"239","GlobalWafers","6488.TWO","6335083876","14.56","Taiwan"
"240","Vipshop","VIPS","6304918528","9.61","China"
"241","HashiCorp","HCP","6294869504","34.14","United States"
"242","Tata Elxsi","TATAELXSI.NS","6293695290","101.06","India"
"243","ZOZO","3092.T","6214519535","20.73","Japan"
"244","Procore","PCOR","6149182976","45.36","United States"
"245","SailPoint","SAIL","6002809344","63.63","United States"
"246","Datto","MSP","5821586432","35.18","United States"
"247","Paytm","PAYTM.NS","5770779073","8.89","India"
"248","Realtek","2379.TW","5699430126","11.11","Taiwan"
"249","Temenos","TEMN.SW","5688205072","79.39","Switzerland"
"250","HelloFresh","HFG.DE","5656724544","32.13","Germany"
"251","CCC Intelligent Solutions","CCCS","5655424000","9.2","United States"
"252","Informatica","INFA","5642382848","20.15","United States"
"253","NCsoft","036570.KS","5601605674","275.84","South Korea"
"254","Descartes Systems","DSGX","5504579584","64.42","Canada"
"255","Nan Ya PCB","8046.TW","5474702101","8.47","Taiwan"
"256","Allegro.eu","ALE.WA","5404352047","5.28","Poland"
"257","Vonage Holdings Corp.","VG","5383090176","20.98","United States"
"258","Mimecast","MIME","5346544128","79.92","United Kingdom"
"259","Zomato","ZOMATO.NS","5325618656","0.68","India"
"260","Nanya Technology","2408.TW","5320587363","1.72","Taiwan"
"261","Mandiant","MNDT","5234177536","22.19","United States"
"262","Tenable","TENB","5188507136","46.92","United States"
"263","CyberArk","CYBR","5163233792","126.81","Israel"
"264","Soitec","SOI.PA","5089765504","145.87","France"
"265","SoFi","SOFI","5029672960","6.29","United States"
"266","Playtika","PLTK","4985891840","12.09","Israel"
"267","Novatek Microelectronics","3034.TW","4982802071","8.19","Taiwan"
"268","CyberAgent","4751.T","4957588738","9.81","Japan"
"269","Ubisoft","UBI.PA","4913342173","39.93","France"
"270","Wayfair","W","4888717824","52","United States"
"271","Omnicell","OMCL","4848100864","109.69","United States"
"272","Weibo","WB","4837965824","19.31","China"
"273","Qualys","QLYS","4811156480","123.89","United States"
"274","Kingsoft","3888.HK","4753933501","3.49","China"
"275","Endava","DAVA","4747179520","84.78","United Kingdom"
"276","Jubilant FoodWorks","JUBLFOOD.NS","4676659442","7.09","India"
"277","RingCentral","RNG","4650021376","49","United States"
"278","Marqeta","MQ","4627748864","8.5","United States"
"279","Coupa","COUP","4545136128","60.16","United States"
"280","Lyft","LYFT","4502886912","12.94","United States"
"281","Topicus","TOI.V","4481655430","56.07","Canada"
"282","Autohome","ATHM","4481135104","33.93","China"
"283","Power Integrations","POWI","4459948032","76.49","United States"
"284","Paycor","PYCR","4390241280","25.1","United States"
"285","Nuvei","NVEI","4345355776","30.84","Canada"
"286","Wiwynn","6669.TW","4178185583","23.9","Taiwan"
"287","Carsales","CAR.AX","4153877081","12.57","Australia"
"288","Braze","BRZE","4117869824","43.8","United States"
"289","51job","JOBS","4106925568","60.9","China"
"290","Allegro MicroSystems","ALGM","4037391616","21.16","United States"
"291","monday.com","MNDY","4035793152","92.31","Israel"
"292","Rapid7","RPD","4012676352","68.87","United States"
"293","DoubleVerify","DV","3961677824","24.23","United States"
"294","Smartsheet","SMAR","3948225024","30.5","United States"
"295","Alight","ALIT","3943715840","7.08","United States"
"296","BE Semiconductor","BESI.AS","3921135446","49.07","Netherlands"
"297","NCR Corporation","NCR","3916322048","28.67","United States"
"298","Perfect World Entertainment","002624.SZ","3907791331","2.01","China"
"299","Teradata","TDC","3884369920","37.1","United States"
"300","Box","BOX","3839118848","26.65","United States"
"301","Nikon","NINOY","3837367808","10.33","Japan"
"302","Pegasystems","PEGA","3780028672","46.2","United States"
"303","SPS Commerce","SPSC","3772659712","104.52","United States"
"304","Clearwater Analytics","CWAN","3704876032","12.71","United States"
"305","DigitalOcean","DOCN","3598004224","35.24","United States"
"306","NEXTDC","NXT.AX","3571720766","7.81","Australia"
"307","IronSource","IS","3564371968","3.49","Israel"
"308","Certara","CERT","3562878208","22.29","United States"
"309","Global-e","GLBE","3548739584","22.68","Israel"
"310","Onto Innovation","ONTO","3512083456","70.87","United States"
"311","Wix.com","WIX","3506954496","61.03","Israel"
"312","Schibsted","SCHA.OL","3490285712","15.6","Norway"
"313","Freshworks","FRSH","3481094912","12.25","United States"
"314","New Relic","NEWR","3476435200","51.67","United States"
"315","Appian","APPN","3458238976","47.8","United States"
"316","Sega Sammy Holdings","6460.T","3452293408","15.64","Japan"
"317","nCino","NCNO","3344539648","30.35","United States"
"318","BlackBerry","BB","3343003904","5.75","Canada"
"319","SiTime","SITM","3326934784","158.11","United States"
"320","Instructure Holdings","INST","3316000768","23.46","United States"
"321","ASM Pacific Technology","0522.HK","3288580083","7.97","Hong Kong"
"322","Alteryx","AYX","3286182144","48.19","United States"
"323","Sprout Social","SPT","3264228608","56.05","United States"
"324","Asana","ASAN","3261039360","17.14","United States"
"325","Nutanix","NTNX","3234319616","14.42","United States"
"326","Softcat","SCT.L","3120019783","1565.15","United Kingdom"
"327","Kinaxis","KXS.TO","3080349681","111.64","Canada"
"328","Varonis","VRNS","3033993472","27.69","United States"
"329","Silicon Motion","SIMO","2968882688","86.21","Hong Kong"
"330","OVH Groupe","OVH.PA","2961513003","15.56","France"
"331","Blackbaud","BLKB","2961102080","55.93","United States"
"332","PB Fintech","POLICYBZR.NS","2953929747","6.57","India"
"333","Squarespace","SQSP","2925476352","20.91","United States"
"334","Just Eat Takeaway","TKWY.AS","2921004935","13.59","Netherlands"
"335","MakeMyTrip","MMYT","2917430528","27.02","India"
"336","TietoEVRY","TIETO.HE","2909856423","24.57","Finland"
"337","Jamf","JAMF","2897441024","24.18","United States"
"338","KnowBe4","KNBE","2872964352","16.41","United States"
"339","Darktrace","DARK.L","2794072332","399.3","United Kingdom"
"340","Lightspeed POS","LSPD","2786969600","18.5","Canada"
"341","Nordic Semiconductor","NOD.OL","2781826720","14.57","Norway"
"342","EngageSmart","ESMT","2741672192","16.86","United States"
"343","Sprinklr","CXM","2718319360","10.53","United States"
"344","Verint Systems","VRNT","2701537536","41.77","United States"
"345","Kulicke and Soffa Industries","KLIC","2686280448","45.43","Singapore"
"346","Cvent","CVT","2623215616","5.45","United States"
"347","Ambarella","AMBA","2601315584","68.24","United States"
"348","Bottomline Technologies","EPAY","2586582528","56.99","United States"
"349","Razer","RAZFF","2575805440","0.27","United States"
"350","Sanmina","SANM","2563362048","42.13","United States"
"351","Mercari","4385.T","2450744566","15.27","Japan"
"352","Chegg","CHGG","2444880896","19.42","United States"
"353","SIGNA Sports United","SSU","2421067264","7.18","Germany"
"354","MicroStrategy","MSTR","2417438976","213.98","United States"
"355","Ozon","OZON.ME","2416535296","11.6","United States"
"356","Chindata","CD","2406732800","6.56","China"
"357","Flywire","FLYW","2315844096","21.6","United States"
"358","EVO Payments","EVOP","2271904256","25.95","United States"
"359","Coursera","COUR","2265922304","15.73","United States"
"360","Aurora Innovation","AUR","2251556864","1.98","United States"
"361","Q2","QTWO","2250812160","39.35","United States"
"362","Xerox","XRX","2250144768","14.53","United States"
"363","LifeStance Health Group","LFST","2242194688","5.99","United States"
"364","Acer","2353.TW","2216729052","0.74","Taiwan"
"365","Supermicro","SMCI","2188395008","42.16","United States"
"366","Upstart","UPST","2181227264","25.73","United States"
"367","Jfrog","FROG","2179527936","22.06","United States"
"368","Luminar Technologies","LAZR","2149785600","6.03","United States"
"369","Formosa Sumco Technology","3532.TW","2138867679","5.51","Taiwan"
"370","360 DigiTech","QFIN","2137916672","13.77","China"
"371","Trainline","TRN.L","2128678898","442.85","United Kingdom"
"372","PowerSchool","PWSC","2119223424","13.4","United States"
"373","Cyxtera Technologies","CYXT","2116007168","11.85","United States"
"374","C3 AI","AI","2048708096","19.12","United States"
"375","TuSimple","TSP","2046854656","8.85","United States"
"376","Revolve","RVLV","2036023424","27.2","United States"
"377","CD Projekt","CDR.WA","1986049028","19.71","Poland"
"378","LegalZoom","LZ","1976998016","9.98","United States"
"379","E2open","ETWO","1974550272","6.54","United States"
"380","CSG International","CSGS","1973197568","60.83","United States"
"381","ZipRecruiter","ZIP","1967066752","16.69","United States"
"382","Software AG","SOW.F","1944836364","26.29","Germany"
"383","Duck Creek Technologies","DCT","1910348032","14.41","United States"
"384","TeamViewer","TMV.DE","1906355275","9.45","Germany"
"385","Payoneer","PAYO","1904319616","5.54","United States"
"386","EverCommerce","EVCM","1901251456","9.72","United States"
"387","Axcelis Technologies","ACLS","1855746560","56.2","United States"
"388","Sabre","SABR","1850637056","5.67","United States"
"389","Spirent","SPT.L","1814762745","296.65","United Kingdom"
"390","TechTarget","TTGT","1763863296","59.69","United States"
"391","Bukalapak.com","BUKA.JK","1745765127","0.02","Indonesia"
"392","Plantronics","POLY","1740567040","39.83","United States"
"393","Compass","COMP","1737751808","4.07","United States"
"394","SolarWinds","SWI","1719094144","10.71","United States"
"395","secunet","YSN.F","1716411306","265.31","Germany"
"396","Allscripts","MDRX","1700853120","14.66","United States"
"397","KPIT Technologies","KPITTECH.NS","1686941152","6.15","India"
"398","Kainos Group","KNOS.L","1685849446","1358.68","United Kingdom"
"399","Qt Group","QTCOM.HE","1684137952","67.59","Finland"
"400","Paradox Interactive","PDX.ST","1683374636","15.94","Sweden"
"401","ForgeRock","FORG","1672977920","19.85","United States"
"402","Digital Turbine","APPS","1666796032","16.94","United States"
"403","Semrush","SEMR","1640946560","11.63","United States"
"404","Amplitude","AMPL","1630422400","14.62","United States"
"405","N-Able","NABL","1612092032","8.96","United States"
"406","Sterling Check","STER","1605630208","16.68","United States"
"407","Credo Technology","CRDO","1605609216","11.05","United States"
"408","DeNA","2432.T","1595033045","13.46","Japan"
"409","Olo","OLO","1585718272","10.18","United States"
"410","Udemy","UDMY","1565532672","11.21","United States"
"411","TANLA","TANLA.NS","1545182992","11.38","India"
"412","Xperi","XPER","1538474880","14.8","United States"
"413","IndiaMART","INDIAMART.NS","1526123959","49.85","India"
"414","Vertex","VERX","1504357248","10.07","United States"
"415","Getnet","GET","1502711296","1.61","Brazil"
"416","Playtech","PTEC.L","1497764646","500.52","Isle of Man"
"417","Remitly","RELY","1451397376","8.73","United States"
"418","Expensify","EXFY","1428020992","17.5","United States"
"419","tuya","TUYA","1423108480","2.11","China"
"420","VIZIO","VZIO","1411904640","7.33","United States"
"421","Fastly","FSLY","1407276032","11.64","United States"
"422","UCT (Ultra Clean Holdings)","UCTT","1405315968","31.16","United States"
"423","Exclusive Networks","EXN.PA","1404491331","15.35","France"
"424","ePlus","PLUS","1369625856","51.07","United States"
"425","Momentive Global","MNTV","1368291840","9.12","United States"
"426","Terveystalo","TTALO.HE","1350628290","10.67","Finland"
"427","CI&amp;T","CINT","1345790720","10.13","Brazil"
"428","Criteo","CRTO","1329627264","22.03","France"
"429","Cohu","COHU","1326257408","27.27","United States"
"430","LendingClub","LC","1319324544","12.91","United States"
"431","GB Group (GBG)","GBG.L","1316726657","522.59","United Kingdom"
"432","Paysafe","PSFE","1312487040","1.81","United States"
"433","AvidXchange","AVDX","1303390080","6.59","United States"
"434","Protolabs","PRLB","1289292160","46.89","United States"
"435","3D Systems","DDD","1289042816","9.89","United States"
"436","Asseco","SFB1.F","1286073447","15.49","Poland"
"437","Newegg","NEGG","1270754304","3.46","United States"
"438","Nextdoor","KIND","1267470720","3.28","United States"
"439","CS Disco","LAW","1264754816","21.57","United States"
"440","Rackspace Technology","RXT","1263051392","5.99","United States"
"441","23andMe","ME","1262176128","2.81","United States"
"442","Stratasys","SSYS","1258431616","18.95","United States"
"443","Nexters","GDEV","1253816832","6.38","Cyprus"
"444","BigCommerce","BIGC","1250707328","17.21","United States"
"445","THG (The Hut Group)","THG.L","1241083279","88.9","United Kingdom"
"446","American Well","AMWL","1231543040","4.54","United States"
"447","Agilysys","AGYS","1215823616","49.15","United States"
"448","Exscientia","EXAI","1215244032","10.01","United Kingdom"
"449","Lemonade","LMND","1215212544","19.67","United States"
"450","Corsair Gaming","CRSR","1207762816","12.66","United States"
"451","Repay Holdings","RPAY","1197049088","13.11","United States"
"452","Phreesia","PHR","1193747968","22.85","United States"
"453","stem","STEM","1193600896","7.74","United States"
"454","Bytes Technology","BYIT.L","1191825994","497.67","United Kingdom"
"455","Photronics","PLAB","1187673088","19.28","United States"
"456","AST SpaceMobile","ASTS","1168337408","6.43","United States"
"457","Alkami Technology","ALKT","1160724992","12.83","United States"
"458","Fiverr","FVRR","1157111424","31.17","Israel"
"459","Mixi","2121.T","1144457997","15.77","Japan"
"460","Simulations Plus","SLP","1136026624","56.14","United States"
"461","Hims &amp; Hers Health","HIMS","1135407232","5.51","United States"
"462","Himax","HIMX","1131200512","6.49","Taiwan"
"463","Overstock.com","OSTK","1127019904","25.99","United States"
"464","Zuora","ZUO","1122747904","8.69","United States"
"465","Grid Dynamics","GDYN","1112586752","16.59","United States"
"466","GungHo Online Entertainment","3765.T","1106433498","17.88","Japan"
"467","Lightwave Logic","LWLG","1103773440","9.89","United States"
"468","Vacasa","VCSA","1096969984","2.53","United States"
"469","Micro Focus","MFGP","1095327488","3.26","United Kingdom"
"470","Matterport","MTTR","1082737920","3.84","United States"
"471","Forge Global","FRGE","1076264704","6.36","United States"
"472","TomTom","TOM2.AS","1073817993","8.46","Netherlands"
"473","A10 Networks","ATEN","1055476992","13.92","United States"
"474","Atoss","AOF.F","1028540817","129.33","Germany"
"475","EaseMyTrip","EASEMYTRIP.NS","1026379208","4.72","India"
"476","BrainChip","BRN.AX","1023436358","0.59","Australia"
"477","Zhihu","ZH","1019996032","1.57","China"
"478","LivePerson","LPSN","1016982848","13.66","United States"
"479","Domo","DOMO","1013869696","30.06","United States"
"480","Gree","3632.T","1010892938","5.84","Japan"
"481","PAR Technology","PAR","1003744448","37.09","United States"
"482","Vimeo","VMEO","996065088","5.99","United States"
"483","Cellebrite","CLBT","992649792","5.24","Israel"
"484","ContextLogic (wish.com)","WISH","990849984","1.49","United States"
"485","Harmonic","HLIT","987421056","9.45","United States"
"486","Donnelley Financial Solutions","DFIN","983888128","30.95","United States"
"487","Sierra Wireless","SWIR","980558144","25.58","Canada"
"488","MapmyIndia","MAPMYINDIA.NS","961514400","18.06","India"
"489","Veeco","VECO","955169472","18.64","United States"
"490","Alpha &amp; Omega Semiconductor","AOSL","950645696","35.12","United States"
"491","Redfin","RDFN","936700736","8.74","United States"
"492","Model N","MODN","934963904","25.39","United States"
"493","MYT Netherlands Parent (Mytheresa)","MYTE","926875072","10.97","Germany"
"494","Intapp","INTA","926490048","14.89","United States"
"495","Zeta Global","ZETA","913176000","4.5","United States"
"496","Pushpay Holdings","PPH.NZ","905961962","0.79","New Zealand"
"497","SmartRent","SMRT","902433792","4.62","United States"
"498","IonQ","IONQ","897574272","4.53","United States"
"499","Conduent","CNDT","890444544","4.13","United States"
"500","Docebo","DCBO","890222528","26.85","Canada"
"501","SMART Global Holdings","SGH","885849344","17.72","United States"
"502","Paya","PAYA","874316608","6.62","United States"
"503","Digi International","DGII","871857280","24.85","United States"
"504","Vivint Smart Home","VVNT","863030080","4.06","United States"
"505","Nano Dimension","NNDM","859759360","3.34","United States"
"506","Unisys","UIS","859001344","12.7","United States"
"507","Secureworks","SCWX","858779136","10.12","United States"
"508","Marathon Digital Holdings","MARA","854724352","8.04","United States"
"509","NeoPhotonics","NPTN","841676032","15.74","United States"
"510","Sumo Logic","SUMO","839057024","7.25","United States"
"511","UserTesting","USER","838617472","5.87","United States"
"512","PDF Solutions","PDFS","836692864","22.64","United States"
"513","AvePoint","AVPT","833618176","4.56","United States"
"514","ChipMOS Technologies","IMOS","829053568","22.8","Taiwan"
"515","Microvision","MVIS","821093696","4.97","United States"
"516","Materialise NV","MTLS","816848192","13.83","Belgium"
"517","PubMatic","PUBM","808911360","15.54","United States"
"518","Snap One","SNPO","808863744","10.66","United States"
"519","Ichor Systems","ICHR","802226624","28.02","United States"
"520","Poshmark","POSH","801550208","10.26","United States"
"521","Perion Network","PERI","796796544","17.69","Israel"
"522","Huya","HUYA","795775040","3.34","China"
"523","CEVA","CEVA","793665728","34.2","United States"
"524","Thryv","THRY","771738048","22.54","United States"
"525","WalkMe","WKME","757177344","8.96","Israel"
"526","Riot Blockchain","RIOT","753888384","5.57","United States"
"527","Wemade","112040.KQ","746681939","45.53","South Korea"
"528","Mastek","MASTEK.NS","742039373","24.65","India"
"529","Rover","ROVR","716839680","3.94","United States"
"530","Cimpress","CMPR","712688320","27.3","Ireland"
"531","indie Semiconductor","INDI","712368000","6","United States"
"532","Renren","RENN","709922368","28.49","China"
"533","OneConnect","OCFT","708814784","1.8","China"
"534","Canaan","CAN","704775168","3.77","China"
"535","Aeva Technologies","AEVA","704284800","3.25","United States"
"536","New Work","NWO.F","704185034","125.29","Germany"
"537","Taboola.com","TBLA","703083392","2.94","United States"
"538","MediaAlpha","MAX","698921984","11.61","United States"
"539","Similarweb","SMWB","690933888","9.1","Israel"
"540","Couchbase","BASE","690096512","15.49","United States"
"541","Team17","TM17.L","687598752","472.27","United Kingdom"
"542","System1","SST","686491776","7.58","United States"
"543","Magnachip","MX","686435392","15.29","Luxembourg"
"544","Blend Labs","BLND","686193600","2.95","United States"
"545","Com2uS","078340.KQ","678575705","54.56","South Korea"
"546","Riskified","RSKD","666776896","3.99","Israel"
"547","Arqit Quantum","ARQQ","665715968","5.46","United Kingdom"
"548","Karooooo","KARO","662372096","21.4","Singapore"
"549","UP Fintech (Tiger Brokers)","TIGR","654125248","4.28","China"
"550","Baozun","BZUN","652962880","9.45","China"
"551","Skillsoft","SKIL","647586688","3.95","United States"
"552","Locaweb","LWSA3.SA","643285580","1.06","Brazil"
"553","Frontier Developments","FDEV.L","633407483","1606.68","United Kingdom"
"554","Sema4","SMFR","619427968","1.58","United States"
"555","NerdWallet","NRDS","601548736","8.25","United States"
"556","Stitch Fix","SFIX","601430784","5.56","United States"
"557","Yalla Group","YALA","600509760","4.05","United Arab Emirates"
"558","COLOPL","3668.T","592615752","4.62","Japan"
"559","QuinStreet","QNST","592464768","10.81","United States"
"560","Sohu.com","SOHU","587453696","15.37","China"
"561","Focus Universal","FCUV","586500992","13.42","United States"
"562","Ebix","EBIX","585645952","18.95","United States"
"563","Wirtualna Polska (WP Holding)","WPL.WA","585327410","20.01","Poland"
"564","Tricida","TCDA","572539200","10.33","United States"
"565","Opera","OPRA","566464192","4.92","Norway"
"566","LendingTree","TREE","561180160","43.96","United States"
"567","WM Technology","MAPS","559369664","3.2","United States"
"568","Faro Technologies","FARO","557337920","30.52","United States"
"569","LiveChat Software","LVC.WA","554874849","21.55","Poland"
"570","Youdao","DAO","553003904","4.39","China"
"571","American Software","AMSWA","552511680","16.42","United States"
"572","Skillz","SKLZ","549939904","1.29","United States"
"573","NETGEAR","NTGR","548664896","19.07","United States"
"574","Arlo Technologies","ARLO","544619136","6.27","United States"
"575","ANI Pharmaceuticals","ANIP","540687168","31.35","United States"
"576","Rimini Street","RMNI","533555200","6.13","United States"
"577","Liquidity Services","LQDT","531460224","16.51","United States"
"578","VTEX","VTEX","531060608","2.78","United Kingdom"
"579","Jumia","JMIA","530347424","5.31","Germany"
"580","trivago","TRVG","517923360","1.44","Germany"
"581","Pearl Abyss","263750.KQ","511801089","39.31","South Korea"
"582","Innoviz","INVZ","511233088","3.79","Israel"
"583","Core Scientific","CORZ","507631776","1.56","United States"
"584","Telos","TLS","506413920","7.46","United States"
"585","Rigetti Computing","RGTI","505366400","4.4","United States"
"586","Appen","APX.AX","503244984","4.08","Australia"
"587","Playstudios","MYPS","502140256","3.92","United States"
"588","Genius Sports","GENI","501732320","2.44","United Kingdom"
"589","Navitas Semiconductor","NVTS","498474752","4.03","Ireland"
"590","Velo3D","VLD","485387808","2.64","United States"
"591","Tufin","TUFN","483247008","12.59","Israel"
"592","DoubleDown Interactive","DDI","481659072","9.72","United States"
"593","Despegar","DESP","480885728","7.26","Argentina"
"594","Cazoo","CZOO","479197216","0.63","United Kingdom"
"595","Computer Programs and Systems","CPSI","474951424","32.17","United States"
"596","Hippo","HIPO","469310720","0.83","United States"
"597","nLIGHT","LASR","463777984","10.41","United States"
"598","Nacon","NACON.PA","462837341","5.37","France"
"599","1-800-PetMeds","PETS","459442624","21.89","United States"
"600","PlayWay","6P5.F","458533433","66.88","Poland"
"601","Cerberus Cyber Sentinel","CISO","457667360","3.67","United States"
"602","Nazara Technologies","NAZARA.NS","456411424","6.94","India"
"603","Neowiz Games","095660.KQ","455318059","21.51","South Korea"
"604","Infibeam Avenues","INFIBEAM.NS","448018374","0.17","India"
"605","Vuzix","VUZI","441855232","6.94","United States"
"606","ChannelAdvisor","ECOM","440070528","14.44","United States"
"607","ON24","ONTF","439914944","9.39","United States"
"608","Webzen","069080.KQ","434841460","13.89","South Korea"
"609","CarParts.com","PRTS","420133984","7.77","United States"
"610","Mitek Systems","MITK","416860832","9.4","United States"
"611","Babylon Holdings","BBLN","414837440","0.99","United Kingdom"
"612","ShotSpotter","SSTI","400551392","32.99","United States"
"613","Markforged","MKFG","396532288","2.11","United States"
"614","Valens Semiconductor","VLN","378061120","3.85","Israel"
"615","Allied Motion Technologies","AMOT","376684000","24.3","United States"
"616","Digital Bros","DIB.MI","370006835","25.95","Italy"
"617","Upland Software","UPLD","368648192","11.77","United States"
"618","Nano Labs","NA","364922016","6.8","China"
"619","Arbe Robotics","ARBE","342855616","5.43","Israel"
"620","Gravity Co.","GRVY","331601504","47.72","South Korea"
"621","SciPlay","SCPL","323375200","13.11","United States"
"622","Priority Technology Holdings","PRTH","319285664","4.15","United States"
"623","People Can Fly","PCF.WA","318262380","10.63","Poland"
"624","eGain","EGAN","317889792","9.99","United States"
"625","OPTiM","3694.T","312920290","5.68","Japan"
"626","SkyWater Technology","SKYT","309583104","7.68","United States"
"627","Ouster","OUST","307385280","1.77","United States"
"628","Rockley Photonics","RKLY","300581632","2.33","United Kingdom"
"629","Qudian","QD","300445280","1.19","China"
"630","AEye","LIDR","298974496","1.9","United States"
"631","Marvelous","7844.T","297019209","4.92","Japan"
"632","HIVE Blockchain Technologies","HIVE","290314272","3.53","Canada"
"633","Groupon","GRPN","288814400","9.64","United States"
"634","Digimarc","DMRC","282163712","14.15","United States"
"635","Focus Home Interactive","ALFOC.PA","281555097","45.55","France"
"636","Hut 8 Mining","HUT","277672352","1.58","Canada"
"637","Swvl Holdings","SWVL","274619712","2.31","United Arab Emirates"
"638","BlackSky Technology","BKSY","267676496","2.22","United States"
"639","Cognyte Software","CGNT","267223584","3.96","Israel"
"640","Benefitfocus","BNFT","267151872","7.87","United States"
"641","Doma","DOMA","265417968","0.82","United States"
"642","Identiv","INVE","264446400","11.84","United States"
"643","CyberOptics","CYBE","257277888","34.75","United States"
"644","Talkspace","TALK","257155280","1.64","United States"
"645","NextNav","NN","253980688","2.63","United States"
"646","Comtech Telecommunications","CMTL","253920064","9.23","United States"
"647","Vinco Ventures","BBIG","249460880","1.07","United States"
"648","IronNet","IRNT","246796240","2.44","United States"
"649","Weave Communications","WEAV","246082800","3.79","United States"
"650","Diebold Nixdorf","DBD","244013296","3.09","United States"
"651","Arteris","AIP","243696096","7.63","United States"
"652","The Original BARK Company","BARK","243679504","1.39","United States"
"653","AdTheorent","ADTH","242655520","2.83","United States"
"654","11 bit studios","11B.WA","242363477","101.83","Poland"
"655","Bitfarms","BITF","239984544","1.17","Canada"
"656","Cian","CIAN","237563120","3.4","Russia"
"657","Veritone","VERI","235162704","6.52","United States"
"658","KORE","KORE","231769600","3.04","United States"
"659","Silicom","SILC","231182496","34.76","Israel"
"660","The RealReal","REAL","230270608","2.44","United States"
"661","Troops","TROO","229611472","2.26","Hong Kong"
"662","Porch Group","PRCH","229006224","2.31","United States"
"663","Dave Inc.","DAVE","224284816","0.6","United States"
"664","Aehr Test Systems","AEHR","220497728","8.19","United States"
"665","Cepton","CPTN","217207680","1.41","United States"
"666","Ceragon Networks","CRNT","216724368","2.58","Israel"
"667","Velodyne Lidar","VLDR","214195696","1.03","United States"
"668","Nerdy","NRDY","204838144","2.24","United States"
"669","MSTC Limited","MSTCLTD.NS","202124538","2.87","India"
"670","SOPHiA GENETICS","SOPH","198137120","3.1","Switzerland"
"671","ThredUp","TDUP","191166112","1.93","United States"
"672","Pear Therapeutics","PEAR","190580752","1.38","United States"
"673","Bakkt Holdings","BKKT","185157808","2.46","United States"
"674","Embark Technology","EMBK","184648416","0.41","United States"
"675","Mynaric","MYNA","182228544","8.06","Germany"
"676","Mister Spex","MRX.F","182036728","5.38","Germany"
"677","Iris Energy","IREN","178798096","3.25","Australia"
"678","CleanSpark","CLSK","175895840","4.26","United States"
"679","Cigniti Technologies","CIGNITITEC.NS","175377405","6.44","India"
"680","Lantronix","LTRX","173294048","4.98","United States"
"681","Avaya Holdings","AVYA","172531568","2.01","United States"
"682","Latch","LTCH","172335808","1.19","United States"
"683","Aterian","ATER","171784608","2.49","United States"
"684","Accelya","ACCELYA.NS","168884647","11.31","India"
"685","Méliuz","CASH3.SA","164453236","0.21","Brazil"
"686","Spire Global","SPIR","163622160","1.17","United States"
"687","Allied Tecnologia","ALLD3.SA","163550958","1.75","Brazil"
"688","Compugen","CGEN","162583792","1.87","Israel"
"689","Backblaze","BLZE","154308000","5.01","United States"
"690","CalAmp","CAMP","152946224","4.23","United States"
"691","TeraWulf","WULF","150806880","1.44","United States"
"692","ServiceSource","SREV","149359088","1.49","United States"
"693","Smith Micro Software","SMSI","136806976","2.48","United States"
"694","Bit Digital","BTBT","133530616","1.62","United States"
"695","Nucleus Software Exports","NUCLEUS.NS","133490388","4.97","India"
"696","Quantum","QMCO","133190528","1.47","United States"
"697","KLab","3656.T","132541044","3.49","Japan"
"698","gumi","3903.T","132295664","4.54","Japan"
"699","Bird Global","BRDS","128235576","0.46","United States"
"700","Drecom","3793.T","126099804","4.43","Japan"
"701","Spok Holdings","SPOK","125645808","6.38","United States"
"702","Wejo Group","WEJO","124012720","1.31","United Kingdom"
"703","Phunware","PHUN","122293504","1.25","United States"
"704","Quick Heal","QUICKHEAL.NS","121265053","2.09","India"
"705","Iteris","ITI","114984216","2.71","United States"
"706","Sylogist","SYZ.TO","114768403","4.8","Canada"
"707","Red Cat Holdings","RCAT","113534872","2.11","United States"
"708","Asure Software","ASUR","112602240","5.61","United States"
"709","O2Micro","OIIM","109263376","3.75","Cayman Islands"
"710","Xunlei","XNET","108651816","1.61","China"
"711","Greenidge Generation Holdings","GREE","105895000","2.61","United States"
"712","Pixelworks","PXLW","105296104","1.95","United States"
"713","Cheetah Mobile","CMCM","102056920","0.72","China"
"714","Synchronoss","SNCR","101546488","1.15","United States"
"715","BitNile","NILE","100868704","0.31","United States"
"716","Applied Blockchain","APLD","98008560","1.04","United States"
"717","Paysign","PAYS","93083400","1.79","United States"
"718","Quicklogic","QUIK","92595128","7.47","United States"
"719","Shift Technologies","SFT","91525784","1.08","United States"
"720","Park City Group","PCYG","91491936","4.92","United States"
"721","3i Infotech","3IINFOLTD.NS","90139203","0.53","India"
"722","Missfresh","MF","89753920","0.38","China"
"723","Rekor Systems","REKR","85784488","1.72","United States"
"724","Onion Global","OG","82013064","0.78","China"
"725","geechs","7060.T","79115393","7.38","Japan"
"726","Energous","WATT","74222072","0.96","United States"
"727","UpHealth","UPH","73672512","0.5","United States"
"728","Triterras","TRIRF","70402168","0.92","Singapore"
"729","Tabula Rasa HealthCare","TRHC","65915712","2.55","United States"
"730","CI Games","CI7.F","64955448","0.33","Poland"
"731","ReWalk Robotics","RWLK","63135000","1.01","Israel"
"732","Verb Technology","VERB","62416648","0.62","United States"
"733","Natural Health Trends","NHTC","58597428","5.13","United States"
"734","Starbreeze","STAR-B.ST","57510055","0.08","Sweden"
"735","Geospace Technologies","GEOS","55461796","4.26","United States"
"736","BIT Mining (500.com)","BTCM","53639484","0.64","China"
"737","AgEagle Aerial Systems","UAVS","53035192","0.65","United States"
"738","WonderPlanet","4199.T","52219347","24.27","Japan"
"739","Voyager Digital","VOYG.TO","49113615","0.26","United States"
"740","ATARI","ATA.PA","46989815","0.15","France"
"741","Remark Holdings","MARK","44965560","0.43","United States"
"742","Intellicheck","IDN","44717396","2.37","United States"
"743","Exela Technologies","XELA","44417584","0.1","United States"
"744","The9","NCTY","43604872","1.85","China"
"745","Foresight Autonomous Holdings","FRSX","43416920","0.65","Israel"
"746","Sphere 3D","ANY","42942116","0.67","Canada"
"747","enish","3667.T","40706557","2.63","Japan"
"748","Cyngn","CYN","40290360","1.2","United States"
"749","Stronghold Digital Mining","SDIG","36663868","1.83","United States"
"750","IMTE","IMTE","32899860","2.23","Australia"
"751","Quanergy Systems","QNGY","30589386","0.33","United States"
"752","Super League Gaming","SLGG","30422278","0.82","United States"
"753","SeaChange","SEAC","29412274","0.6","United States"
"754","SOS Limited","SOS","28705874","5.04","China"
"755","Appirits","4174.T","28626300","7.19","Japan"
"756","Marin Software","MRIN","27397568","1.76","United States"
"757","American Virtual Cloud","AVCT","24952636","0.27","United States"
"758","G Medical Innovations","GMVD","22677192","0.93","Israel"
"759","Inpixon","INPX","21941298","0.14","United States"
"760","Ekso Bionics","EKSO","21809960","1.7","United States"
"761","Marpai","MRAI","19126378","0.94","United States"
"762","Cryptyde","TYDE","18762282","0.92","United States"
"763","Blackboxstocks","BLBX","18328122","1.39","United States"
"764","Winc","WBEV","17970224","1.36","United States"
"765","OLB Group","OLB","16026052","1.09","United States"
"766","SaverOne 2014","SVRE","15395997","2.65","Israel"
"767","Advanced Human Imaging","AHI","14350038","0.59","Australia"
"768","BIO-key International","BKYI","14140257","1.68","United States"
"769","Rail Vision","RVSN","12398958","0.78","Israel"
"770","Kidpik","PIK","11850084","1.54","United States"
"771","Jump Networks","JUMPNET.NS","11669324","0.12","India"
"772","AppTech Payments","APCX","11292810","0.7","United States"
"773","Guardforce AI","GFAI","10841324","0.26","Singapore"
"774","Cemtrex","CETX","10686536","0.41","United States"
"775","Netcapital","NCPL","9414730","3.25","United States"
"776","Versus Systems","VS","7875576","0.38","Canada"
"777","Grom Social Enterprises","GROM","7551057","0.4","United States"
"778","Pintec Technology","PT","7029147","0.81","China"
"779","Pareteum Corporation","TEUM","185507","0","United States"
"780","Justworks","JW","0","0","United States"
"781","AMTD Digital","HKD","0","0","Hong Kong"
"782","SoundHound AI","SOUN","0","0","United States"
"783","Cipher Mining","CIFR","0","0","United States"
